{
  "product":[{
      "id": 1,
      "qty": 0,
      "name": "Ardor Aviator",
      "description": "Lorem ipsum dolor sit amet, consectetur adipiscing elit. Lorem ipsum dolor sit amet, consectetur adipiscing elit.",
      "brand": "Ray-Ban",
      "category": "Sports",
      "gender": "Men",
      "weight": "200g",
      "quantity": 10,
      "image_url": "../../assets/sunglasses/sun4.png",
      "image": "sports1",
      "rating": 4.5,
      "price": 1999,
      "newPrice": 1899,
      "trending": true
    },
    {
      "id": 2,
      "qty": 0,
      "name": "Caper Active",
      "description": "Pellentesque ac tortor sed ipsum feugiat condimentum. Pellentesque ac tortor sed ipsum feugiat condimentum.",
      "brand": "Persol",
      "category": "Sports",
      "gender": "Men",
      "weight": "100g",
      "quantity": 5,
      "image_url": "../../assets/sunglasses/sun5.png",
      "image": "sports2",
      "rating": 4.8,
      "price": 1299,
      "newPrice": 1199,
      "trending": true
    },
    {
      "id": 3,
      "qty": 0,
      "name": "Alder Street",
      "description": "Integer et nunc in turpis maximus facilisis ac ac elit. Integer et nunc in turpis maximus facilisis ac ac elit.",
      "brand": "Kate Spade",
      "category": "Sports",
      "gender": "Unisex",
      "weight": "750g",
      "quantity": 15,
      "image_url": "../../assets/sunglasses/sun6.png",
      "image": "sports3",
      "rating": 4.7,
      "price": 2999,
      "newPrice": 2000,
      "trending": true
    },
    {
      "id": 4,
      "qty": 0,
      "name": "Corral Round",
      "description": "Vestibulum eu tellus sed lorem tristique lacinia ut vel urna. Vestibulum eu tellus sed lorem tristique lacinia ut vel urna.",
      "brand": "Carrera",
      "category": "Sports",
      "gender": "Unisex",
      "weight": "300g",
      "quantity": 8,
      "image_url": "../../assets/sunglasses/sun7.png",
      "image": "sports4",
      "rating": 3.8,
      "price": 2499,
      "newPrice": 2300
    },
    {
      "id": 5,
      "qty": 0,
      "name": "Hyperclax Active",
      "description": "Aenean at velit consequat, faucibus mi id, tempor velit. Aenean at velit consequat, faucibus mi id, tempor velit.",
      "brand": "Oakley",
      "category": "Sports",
      "gender": "Women",
      "weight": "900g",
      "quantity": 3,
      "image": "sports6",
      "image_url": "../../assets/sunglasses/sun8.png",
      "rating": 3.5,
      "price": 3999,
      "newPrice": 3500
    },
    {
      "id": 6,
      "qty": 0,
      "name": "Rose Gold Chase",
      "description": "Vivamus mattis quam sed libero pretium ullamcorper. Vivamus mattis quam sed libero pretium ullamcorper.",
      "brand": "Ray-Ban",
      "category": "Vision",
      "gender": "Women",
      "weight": "120g",
      "quantity": 9,
      "image": "vision7",
      "image_url": "../../assets/sunglasses/sun9.png",
      "rating": 4.3,
      "price": 2999,
      "newPrice": 2599
    },
    {
      "id": 7,
      "qty": 0,
      "name": "Full Rim Airflex",
      "description": "Donec interdum felis non justo sollicitudin lobortis. Donec interdum felis non justo sollicitudin lobortis.",
      "brand": "Carrera",
      "category": "Vision",
      "gender": "Unisex",
      "weight": "550g",
      "quantity": 7,
      "image": "vision8",
      "image_url": "../../assets/sunglasses/sun10.png",
      "rating": 4.8,
      "price": 4999,
      "newPrice": 3999
    },
    {
      "id": 8,
      "qty": 0,
      "name": "Mercury Rounded Red",
      "description": "Donec interdum felis non justo sollicitudin lobortis. Donec interdum felis non justo sollicitudin lobortis.",
      "brand": "Carrera",
      "category": "Vision",
      "gender": "Unisex",
      "weight": "550g",
      "quantity": 7,
      "image": "vision9",
      "image_url": "../../assets/sunglasses/sun11.png",
      "rating": 4.8,
      "price": 4999,
      "newPrice": 4300
    },
    {
      "id": 9,
      "qty": 0,
      "name": "Candyfloss-302",
      "description": "Lorem ipsum dolor sit amet, consectetur adipiscing elit. Lorem ipsum dolor sit amet, consectetur adipiscing elit.",
      "brand": "Ray-Ban",
      "category": "Sunglasses",
      "gender": "Men",
      "weight": "200g",
      "quantity": 10,
      "image": "sun3",
      "image_url": "../../assets/sunglasses/sun12.png",
      "rating": 4.5,
      "price": 1999,
      "newPrice": 1899
    },
    {
      "id": 10,
      "qty": 0,
      "name": "Phenomenal Mercury-02",
      "description": "Pellentesque ac tortor sed ipsum feugiat condimentum. Pellentesque ac tortor sed ipsum feugiat condimentum.",
      "brand": "Persol",
      "category": "Sunglasses",
      "gender": "Unisex",
      "weight": "100g",
      "quantity": 5,
      "image": "sun4",
      "image_url": "../../assets/sunglasses/sun13.png",
      "rating": 2.8,
      "price": 1299,
      "newPrice": 1200
    },
    {
      "id": 11,
      "qty": 0,
      "name": "Black boss",
      "description": "Integer et nunc in turpis maximus facilisis ac ac elit. Integer et nunc in turpis maximus facilisis ac ac elit.",
      "brand": "Kate Spade",
      "category": "Sunglasses",
      "gender": "Unisex",
      "weight": "750g",
      "quantity": 15,
      "image": "sun5",
      "image_url": "../../assets/sunglasses/sun14.png",
      "rating": 4.7,
      "price": 2999,
      "newPrice": 2399,
      "trending": true
    },
    {
      "id": 12,
      "qty": 0,
      "name": "Blue Ray Wayfarer",
      "description": "Donec interdum felis non justo sollicitudin lobortis. Donec interdum felis non justo sollicitudin lobortis.",
      "brand": "Carrera",
      "category": "Sports",
      "gender": "Unisex",
      "weight": "550g",
      "quantity": 7,
      "image": "sports9",
      "image_url": "../../assets/sports/sports1.png",
      "rating": 4.8,
      "price": 4999,
      "newPrice": 4000
    },
    {
      "id": 13,
      "qty": 0,
      "name": "Pernik",
      "description": "Vestibulum eu tellus sed lorem tristique lacinia ut vel urna. Vestibulum eu tellus sed lorem tristique lacinia ut vel urna.",
      "brand": "Carrera",
      "category": "Sunglasses",
      "gender": "Unisex",
      "weight": "300g",
      "quantity": 8,
      "image": "sun7",
      "image_url": "../../assets/sports/sports2.png",
      "rating": 3.8,
      "price": 2499,
      "newPrice": 1599
    },
    {
      "id": 14,
      "qty": 0,
      "name": "Silistra",
      "description": "Aenean at velit consequat, faucibus mi id, tempor velit. Aenean at velit consequat, faucibus mi id, tempor velit.",
      "brand": "Oakley",
      "category": "Sunglasses",
      "gender": "Women",
      "weight": "900g",
      "quantity": 3,
      "image": "sun8",
      "image_url": "../../assets/sports/sports3.png",
      "rating": 3.5,
      "price": 3999,
      "newPrice": 3599
    },
    {
      "id": 15,
      "qty": 0,
      "name": "Full rim acetate black",
      "description": "Lorem ipsum dolor sit amet, consectetur adipiscing elit. Lorem ipsum dolor sit amet, consectetur adipiscing elit.",
      "brand": "Ray-Ban",
      "category": "Vision",
      "gender": "Men",
      "weight": "200g",
      "quantity": 10,
      "image": "vision1",
      "image_url": "../../assets/sports/sports4.png",
      "rating": 4.5,
      "price": 1999,
      "newPrice": 1900
    },
    {
      "id": 16,
      "qty": 0,
      "name": "Ruse",
      "description": "Fusce sed est nec ipsum convallis semper nec id ipsum. Fusce sed est nec ipsum convallis semper nec id ipsum.",
      "brand": "Kate Spade",
      "category": "Vision",
      "gender": "Men",
      "weight": "200g",
      "quantity": 10,
      "image": "vision1",
      "image_url": "../../assets/sports/sports5.png",
      "rating": 4.5,
      "price": 1999,
      "newPrice": 1900
    },
    {
    "id": 17,
    "qty": 0,
    "name": "Yambol",
    "description": "Vivamus mattis quam sed libero pretium ullamcorper. Vivamus mattis quam sed libero pretium ullamcorper.",
    "brand": "Ray-Ban",
    "category": "Sunglasses",
    "gender": "Men",
    "weight": "130g",
    "quantity": 9,
    "image": "sun10",
    "image_url": "../../assets/sports/sports6.png",
    "rating": 4.3,
    "price": 2999,
    "newPrice": 1999
    },
    {
        "id": 18,
        "qty": 0,
        "name": "Roadies Rd-202",
        "description": "Donec interdum felis non justo sollicitudin lobortis. Donec interdum felis non justo sollicitudin lobortis.",
        "brand": "Carrera",
        "category": "Sunglasses",
        "gender": "Men",
        "weight": "550g",
        "quantity": 7,
        "image": "sun14",
        "image_url": "../../assets/sports/sports7.png",
        "rating": 4.8,
        "price": 4999,
        "newPrice": 4799
      },
      {
        "id": 19,
        "qty": 0,
        "name": "Burgas",
        "description": "Donec interdum felis non justo sollicitudin lobortis. Donec interdum felis non justo sollicitudin lobortis.",
        "brand": "Carrera",
        "category": "Sunglasses",
        "gender": "Women",
        "weight": "550g",
        "quantity": 7,
        "image": "sun11",
        "image_url": "../../assets/sports/sports8.png",
        "rating": 4.8,
        "price": 4999,
        "newPrice": 4000
      },
      {
        "id": 20,
        "qty": 0,
        "name": "Hip Hop Candy",
        "description": "Fusce sed est nec ipsum convallis semper nec id ipsum. Fusce sed est nec ipsum convallis semper nec id ipsum.",
        "brand": "Kate Spade",
        "category": "Sports",
        "gender": "Men",
        "weight": "400g",
        "quantity": 6,
        "image": "sports7",
        "image_url": "../../assets/sports/sports9.png",
        "rating": 4.1,
        "price": 1499,
        "newPrice": 1399,
        "trending": true
      },
      {
        "id": 21,
        "qty": 0,
        "name": "Punk Cut Out",
        "description": "Vivamus mattis quam sed libero pretium ullamcorper. Vivamus mattis quam sed libero pretium ullamcorper.",
        "brand": "Ray-Ban",
        "category": "Sports",
        "gender": "Women",
        "weight": "102g",
        "quantity": 9,
        "image": "sports8",
        "image_url": "../../assets/vision/vision1.png",
        "rating": 4.3,
        "price": 2999,
        "newPrice": 2599,
        "trending": true
      },
      {
        "id": 22,
        "qty": 0,
        "name": "Rounded Gold",
        "description": "Pellentesque ac tortor sed ipsum feugiat condimentum. Pellentesque ac tortor sed ipsum feugiat condimentum.",
        "brand": "Persol",
        "category": "Vision",
        "gender": "Men",
        "weight": "190g",
        "quantity": 5,
        "image": "vision2",
        "image_url": "../../assets/vision/vision2.png",
        "rating": 2.8,
        "price": 1299,
        "newPrice": 1000,
        "trending": true
      },
      {
        "id": 23,
        "qty": 0,
        "name": "Jungle Safari",
        "description": "Integer et nunc in turpis maximus facilisis ac ac elit. Integer et nunc in turpis maximus facilisis ac ac elit.",
        "brand": "Kate Spade",
        "category": "Vision",
        "gender": "Unisex",
        "weight": "750g",
        "quantity": 15,
        "image": "vision3",
        "image_url": "../../assets/vision/vision3.png",
        "rating": 4.7,
        "price": 2999,
        "newPrice": 2899,
        "trending": true
      },
      {
        "id": 24,
        "qty": 0,
        "name": "Burgas",
        "description": "Donec interdum felis non justo sollicitudin lobortis. Donec interdum felis non justo sollicitudin lobortis.",
        "brand": "Carrera",
        "category": "Sunglasses",
        "gender": "Women",
        "weight": "550g",
        "quantity": 7,
        "image": "sun11",
        "image_url": "../../assets/vision/vision4.png",
        "rating": 4.8,
        "price": 4999,
        "newPrice": 4700
      },
      {
        "id": 25,
        "qty": 0,
        "name": "Sofia",
        "description": "Donec interdum felis non justo sollicitudin lobortis. Donec interdum felis non justo sollicitudin lobortis.",
        "brand": "Carrera",
        "category": "Sunglasses",
        "gender": "Women",
        "weight": "550g",
        "quantity": 7,
        "image": "sun12",
        "image_url": "../../assets/vision/vision5.png",
        "rating": 4.8,
        "price": 4999,
        "newPrice": 4700
      },
    {
        "id":26,
        "qty": 0,
        "name": "Highline",
        "description": "Fusce sed est nec ipsum convallis semper nec id ipsum. Fusce sed est nec ipsum convallis semper nec id ipsum.",
        "brand": "Kate Spade",
        "category": "Sports",
        "gender": "Women",
        "weight": "400g",
        "quantity": 6,
        "image": "sports9",
        "image_url": "../../assets/vision/vision6.png",
        "rating": 4.1,
        "price": 1499,
        "newPrice": 1299
      },
      {
        "id": 27,
        "qty": 0,
        "name": "Navigator",
        "description": "Vivamus mattis quam sed libero pretium ullamcorper. Vivamus mattis quam sed libero pretium ullamcorper.",
        "brand": "Ray-Ban",
        "category": "Sports",
        "gender": "Men",
        "weight": "130g",
        "quantity": 9,
        "image": "sports10",
        "image_url": "../../assets/vision/vision7.png",
        "rating": 4.3,
        "price": 2999,
        "newPrice": 2599
      },
      {
        "id": 28,
        "qty": 0,
        "name": "Retro Stylish",
        "description": "Pellentesque ac tortor sed ipsum feugiat condimentum. Pellentesque ac tortor sed ipsum feugiat condimentum.",
        "brand": "Persol",
        "category": "Vision",
        "gender": "Men",
        "weight": "190g",
        "quantity": 5,
        "image": "vision8",
        "image_url": "../../assets/vision/vision8.png",
        "rating": 2.8,
        "price": 1299,
        "newPrice": 1199
      },
      {
        "id": 29,
        "qty": 0,
        "name": "Retro Brown",
        "description": "Integer et nunc in turpis maximus facilisis ac ac elit. Integer et nunc in turpis maximus facilisis ac ac elit.",
        "brand": "Kate Spade",
        "category": "Vision",
        "gender": "Unisex",
        "weight": "750g",
        "quantity": 15,
        "image": "vision9",
        "image_url": "../../assets/vision/vision9.png",
        "rating": 4.7,
        "price": 2999,
        "newPrice": 2500
      }]
}
  
  
  
  